localite,zone_climatique,annee,sst_atlantique,enso_index,humidite_atm,pluie_saison_precedente,pluie_saison_cible
Alibori,nord,1981,0.25,-0.14,50.2,897.3,1300.5
Alibori,nord,1982,-0.12,0.28,53.1,788.6,993.5
Alibori,nord,1983,0.12,-1.91,31.2,626.7,1029.6
Alibori,nord,1984,0.16,-0.7,27.9,1262.1,940.3
Alibori,nord,1985,-0.27,0.11,35.8,761.9,1015.1
Alibori,nord,1986,-0.15,-1.02,43.7,989.4,1027.5
Alibori,nord,1987,0.41,-1.22,46.7,534.9,910.8
Alibori,nord,1988,0.1,0.22,52.1,467.5,956.5
Alibori,nord,1989,-0.23,1.06,47.7,1132.9,781.4
Alibori,nord,1990,-0.19,0.58,52.1,1340.6,1138.7
Alibori,nord,1991,-0.42,-0.31,47.7,805.1,1164.0
Alibori,nord,1992,-0.09,1.18,37.8,1120.4,1022.7
Alibori,nord,1993,0.18,-0.65,47.9,976.8,1319.7
Alibori,nord,1994,0.78,-0.4,44.5,1492.4,954.8
Alibori,nord,1995,-0.11,0.36,56.8,691.6,1014.8
Alibori,nord,1996,-0.25,0.5,54.3,1128.5,1074.9
Alibori,nord,1997,0.05,0.97,39.4,837.1,928.8
Alibori,nord,1998,-0.73,-2.66,47.8,876.0,1109.3
Alibori,nord,1999,-0.08,0.4,60.1,1102.9,1116.6
Alibori,nord,2000,-0.04,-0.02,31.6,633.0,858.0
Alibori,nord,2001,0.03,2.46,43.5,977.3,920.7
Alibori,nord,2002,-0.58,0.77,35.8,1349.9,830.2
Alibori,nord,2003,0.7,-1.4,49.7,633.6,1538.4
Alibori,nord,2004,-0.28,1.71,52.0,847.1,954.3
Alibori,nord,2005,-0.53,0.47,37.6,699.9,1107.6
Alibori,nord,2006,-0.16,-0.36,49.4,1227.5,1211.3
Alibori,nord,2007,-0.8,0.18,47.1,560.5,1069.4
Alibori,nord,2008,-0.66,0.62,54.7,1388.2,1030.3
Alibori,nord,2009,0.15,-0.71,59.9,573.6,1255.0
Alibori,nord,2010,0.33,-0.75,36.0,1619.5,1169.8
Alibori,nord,2011,0.41,1.9,43.0,665.3,869.7
Alibori,nord,2012,-0.41,0.88,43.1,1233.1,1084.7
Alibori,nord,2013,-0.13,2.72,50.0,609.1,803.8
Alibori,nord,2014,0.24,-0.12,50.9,1351.9,1052.8
Alibori,nord,2015,-0.22,0.86,46.7,1065.6,846.2
Alibori,nord,2016,0.19,0.23,38.5,1013.2,1140.3
Alibori,nord,2017,0.54,1.05,34.0,1222.1,865.7
Alibori,nord,2018,0.26,0.02,52.0,994.7,1289.3
Alibori,nord,2019,0.48,0.65,42.5,703.3,1124.0
Alibori,nord,2020,-0.12,-0.04,40.7,1148.1,811.7
Alibori,nord,2021,-0.24,1.09,45.5,722.5,846.4
Alibori,nord,2022,0.34,2.39,59.7,1378.5,1146.7
Alibori,nord,2023,-1.01,0.19,39.7,696.8,1019.4
Alibori,nord,2024,-0.06,-0.77,58.3,865.1,1121.7
Atacora,nord,1981,0.88,0.4,34.9,2267.5,1209.5
Atacora,nord,1982,0.52,-0.73,34.8,2088.7,1102.6
Atacora,nord,1983,-1.62,-1.02,43.0,1926.6,857.6
Atacora,nord,1984,-0.72,-0.13,41.3,2437.4,1032.7
Atacora,nord,1985,-0.49,0.46,46.6,1069.7,962.2
Atacora,nord,1986,-0.19,-1.9,55.2,2259.6,1175.9
Atacora,nord,1987,-0.08,0.59,47.2,950.7,988.1
Atacora,nord,1988,-0.25,-0.62,42.2,1810.5,1226.7
Atacora,nord,1989,0.41,0.63,38.4,1400.3,986.7
Atacora,nord,1990,0.31,-1.79,35.2,1633.0,1092.9
Atacora,nord,1991,-0.11,1.1,51.6,1719.1,1153.3
Atacora,nord,1992,0.01,-0.24,51.8,793.6,1117.9
Atacora,nord,1993,0.05,0.6,38.5,658.8,1284.7
Atacora,nord,1994,-0.61,0.77,50.3,1035.0,940.1
Atacora,nord,1995,0.49,-0.15,38.4,1229.7,1072.6
Atacora,nord,1996,-0.28,-0.43,46.6,1468.1,1185.6
Atacora,nord,1997,-0.72,-1.41,39.3,1180.6,1064.0
Atacora,nord,1998,0.74,-0.3,45.0,1018.0,1090.2
Atacora,nord,1999,0.16,-0.83,49.2,992.1,1410.0
Atacora,nord,2000,0.2,-0.34,48.7,1529.9,1171.1
Atacora,nord,2001,0.05,-0.77,45.2,1809.6,1224.7
Atacora,nord,2002,0.48,1.2,59.5,1525.9,1122.0
Atacora,nord,2003,-0.42,-0.6,28.0,741.6,945.1
Atacora,nord,2004,0.08,-1.91,47.9,1522.6,1336.0
Atacora,nord,2005,-0.66,1.83,54.4,456.3,917.3
Atacora,nord,2006,0.68,0.28,47.2,693.1,818.9
Atacora,nord,2007,0.0,0.05,41.4,639.1,1156.7
Atacora,nord,2008,-0.07,-1.37,49.3,1867.2,1360.4
Atacora,nord,2009,0.17,-0.75,57.4,1643.2,1253.9
Atacora,nord,2010,0.03,1.03,46.3,925.8,916.3
Atacora,nord,2011,0.32,1.37,37.3,1572.6,1076.5
Atacora,nord,2012,-0.88,0.89,43.9,350.3,985.7
Atacora,nord,2013,0.81,-1.38,31.4,1215.7,1174.5
Atacora,nord,2014,-0.02,1.12,33.5,1006.4,951.5
Atacora,nord,2015,0.18,-0.94,40.9,1011.8,1010.3
Atacora,nord,2016,0.48,-0.45,41.2,813.5,1039.5
Atacora,nord,2017,-0.05,-1.04,40.6,2153.9,976.5
Atacora,nord,2018,0.02,0.51,54.6,791.0,1231.6
Atacora,nord,2019,-0.27,-0.58,42.8,508.0,801.9
Atacora,nord,2020,0.68,0.85,37.1,1521.5,1061.0
Atacora,nord,2021,-0.06,-0.96,32.1,742.5,1108.8
Atacora,nord,2022,-0.71,-1.06,39.8,893.2,976.4
Atacora,nord,2023,0.84,0.88,44.9,1073.0,1306.2
Atacora,nord,2024,-0.43,-0.44,57.7,773.6,1106.0
Atlantique,sud,1981,0.46,1.91,33.8,1028.2,1325.3
Atlantique,sud,1982,-0.24,-0.83,40.6,1802.3,1107.1
Atlantique,sud,1983,-0.12,-0.91,40.4,1678.3,1587.3
Atlantique,sud,1984,-0.49,2.04,58.0,976.3,1418.9
Atlantique,sud,1985,-0.38,-1.8,32.0,1524.4,1463.3
Atlantique,sud,1986,-0.45,-1.14,47.1,636.0,1914.7
Atlantique,sud,1987,-0.43,-0.38,53.1,1908.7,1407.1
Atlantique,sud,1988,-0.56,-0.72,64.5,857.1,1314.3
Atlantique,sud,1989,0.19,-0.6,45.7,2157.1,1507.1
Atlantique,sud,1990,0.13,-0.59,49.7,1194.0,1505.0
Atlantique,sud,1991,0.14,2.08,52.0,2183.2,1287.1
Atlantique,sud,1992,-0.2,-0.68,27.2,939.2,1489.1
Atlantique,sud,1993,0.16,-0.22,51.6,1509.5,1209.4
Atlantique,sud,1994,0.39,0.17,49.6,1151.8,1385.7
Atlantique,sud,1995,0.32,2.27,46.5,1121.8,1324.5
Atlantique,sud,1996,-0.42,1.51,48.2,1904.0,1250.9
Atlantique,sud,1997,-0.13,-0.98,41.4,1852.7,1545.9
Atlantique,sud,1998,-0.46,1.39,53.1,1537.5,1122.1
Atlantique,sud,1999,-0.89,1.5,50.2,1536.9,1251.3
Atlantique,sud,2000,-0.56,-0.2,45.4,1737.9,1645.8
Atlantique,sud,2001,-0.4,0.47,60.1,2505.7,1657.7
Atlantique,sud,2002,-0.26,-0.09,51.2,1693.5,1833.6
Atlantique,sud,2003,-0.08,-0.43,36.9,1899.7,1191.4
Atlantique,sud,2004,0.04,1.27,38.5,1224.9,1110.9
Atlantique,sud,2005,-0.12,-0.27,23.4,1240.8,1295.0
Atlantique,sud,2006,0.35,-1.02,49.1,1277.0,1489.5
Atlantique,sud,2007,1.29,0.06,45.1,1486.6,1590.7
Atlantique,sud,2008,-0.07,2.57,36.1,338.6,1321.6
Atlantique,sud,2009,0.62,-2.07,42.3,708.8,1627.6
Atlantique,sud,2010,-0.39,-0.36,44.4,971.3,1498.5
Atlantique,sud,2011,0.36,-1.13,40.8,779.8,1633.2
Atlantique,sud,2012,0.36,0.81,37.5,1520.1,1396.1
Atlantique,sud,2013,-0.54,0.62,49.7,1565.8,1326.8
Atlantique,sud,2014,-0.63,-1.24,38.5,588.2,1613.6
Atlantique,sud,2015,-0.64,1.75,28.3,1494.5,1313.2
Atlantique,sud,2016,-0.05,0.97,44.8,2298.9,1314.5
Atlantique,sud,2017,0.15,-1.71,34.2,1470.1,1641.1
Atlantique,sud,2018,-0.09,-1.29,45.8,1712.1,1311.9
Atlantique,sud,2019,0.51,0.47,47.0,2568.4,1622.5
Atlantique,sud,2020,0.51,-0.16,51.5,408.5,1630.5
Atlantique,sud,2021,0.26,-0.73,46.5,1046.9,1442.5
Atlantique,sud,2022,-0.7,1.34,37.9,588.1,1281.1
Atlantique,sud,2023,0.25,0.18,38.1,1064.3,1507.5
Atlantique,sud,2024,0.06,-1.69,52.9,1513.8,1611.4
Borgou,nord,1981,-0.02,1.77,40.0,1316.7,1102.9
Borgou,nord,1982,-0.28,-1.09,52.4,1548.7,905.5
Borgou,nord,1983,-0.04,0.62,46.4,1158.6,860.1
Borgou,nord,1984,0.31,1.29,53.5,1279.4,981.1
Borgou,nord,1985,0.21,0.21,47.2,606.0,910.6
Borgou,nord,1986,0.53,1.13,44.4,1408.7,962.7
Borgou,nord,1987,0.05,-0.46,41.5,1087.1,1026.8
Borgou,nord,1988,-0.24,-0.26,46.1,385.4,1101.3
Borgou,nord,1989,0.52,-1.49,47.1,1026.3,1325.9
Borgou,nord,1990,0.53,1.22,39.5,275.0,929.2
Borgou,nord,1991,-0.22,1.45,57.6,826.7,941.0
Borgou,nord,1992,-0.14,-1.01,36.6,568.9,821.5
Borgou,nord,1993,0.49,-0.21,44.6,593.6,1188.2
Borgou,nord,1994,0.19,1.17,58.0,1022.8,866.3
Borgou,nord,1995,-0.31,-0.56,39.9,1708.9,1171.1
Borgou,nord,1996,-0.29,0.34,42.0,726.5,910.0
Borgou,nord,1997,0.77,1.8,40.1,1115.6,927.5
Borgou,nord,1998,0.17,-0.85,45.8,554.7,898.6
Borgou,nord,1999,-0.02,1.79,40.9,984.8,939.8
Borgou,nord,2000,0.59,1.21,47.7,590.9,1190.8
Borgou,nord,2001,0.29,-0.36,49.7,1374.2,1266.0
Borgou,nord,2002,0.25,1.01,57.3,1205.6,988.9
Borgou,nord,2003,-0.08,0.15,54.7,1153.3,982.5
Borgou,nord,2004,-0.2,-0.23,45.0,491.6,1145.5
Borgou,nord,2005,-0.68,0.75,50.2,868.9,1213.5
Borgou,nord,2006,0.11,0.54,45.4,504.2,1168.9
Borgou,nord,2007,-0.22,0.19,53.6,1048.1,938.3
Borgou,nord,2008,-0.35,-0.48,46.0,788.4,1099.6
Borgou,nord,2009,0.78,-0.07,40.6,502.5,1330.8
Borgou,nord,2010,-1.1,0.65,52.9,1643.9,1079.4
Borgou,nord,2011,0.33,-0.1,59.8,482.2,1021.4
Borgou,nord,2012,-0.35,0.9,43.3,738.2,880.1
Borgou,nord,2013,-0.63,1.44,44.3,1141.4,1024.0
Borgou,nord,2014,0.23,0.46,49.9,1132.5,950.0
Borgou,nord,2015,0.1,0.71,44.3,735.7,1175.8
Borgou,nord,2016,0.9,-0.74,44.9,1246.0,961.3
Borgou,nord,2017,-0.22,-1.89,41.4,467.4,815.1
Borgou,nord,2018,0.38,0.37,48.8,772.3,1075.1
Borgou,nord,2019,-0.0,-1.16,57.0,902.4,1309.7
Borgou,nord,2020,0.01,-0.88,45.3,956.2,1074.0
Borgou,nord,2021,-0.5,-0.28,59.4,772.2,1179.1
Borgou,nord,2022,0.29,0.28,38.6,1148.4,1234.3
Borgou,nord,2023,0.45,0.64,53.4,1647.9,1023.4
Borgou,nord,2024,0.1,0.4,62.5,1079.3,1075.6
Collines,nord,1981,-0.33,-0.48,42.4,1284.2,1142.9
Collines,nord,1982,-0.29,2.97,44.2,1403.6,783.1
Collines,nord,1983,0.02,0.12,49.9,930.6,985.1
Collines,nord,1984,-0.83,0.93,52.0,693.0,782.0
Collines,nord,1985,0.11,1.05,58.5,1584.3,1050.0
Collines,nord,1986,-0.02,-1.63,40.4,1119.1,1289.8
Collines,nord,1987,0.74,1.38,40.0,1269.8,1090.5
Collines,nord,1988,0.13,0.32,42.7,1017.0,867.1
Collines,nord,1989,0.39,-2.85,54.2,888.6,1103.2
Collines,nord,1990,-0.56,0.81,35.0,759.5,1074.4
Collines,nord,1991,-0.02,0.48,45.6,1537.2,907.6
Collines,nord,1992,-0.25,0.65,33.9,1283.1,881.6
Collines,nord,1993,-0.16,2.08,48.1,1556.5,1014.1
Collines,nord,1994,0.12,-0.33,40.6,766.8,1113.7
Collines,nord,1995,0.37,-0.08,45.6,1492.3,871.8
Collines,nord,1996,0.17,-2.1,68.5,1225.1,1258.9
Collines,nord,1997,0.55,-1.04,49.9,789.7,1094.7
Collines,nord,1998,0.96,0.55,37.7,2181.4,1099.3
Collines,nord,1999,0.1,1.05,53.8,1343.3,1237.1
Collines,nord,2000,-0.57,-0.77,47.4,932.6,1243.4
Collines,nord,2001,0.81,0.45,43.0,1649.3,1256.5
Collines,nord,2002,-0.61,0.72,50.1,928.9,1182.6
Collines,nord,2003,-0.09,0.02,36.2,1901.7,865.9
Collines,nord,2004,-0.42,-1.55,42.6,798.1,972.2
Collines,nord,2005,0.82,1.01,39.5,1529.0,1356.0
Collines,nord,2006,-0.16,-0.45,44.8,503.3,962.1
Collines,nord,2007,0.51,2.44,56.1,1320.7,1100.2
Collines,nord,2008,0.43,-0.25,48.1,1299.4,1146.7
Collines,nord,2009,-0.85,-0.1,37.1,1119.4,861.5
Collines,nord,2010,0.7,1.51,51.2,488.9,1010.8
Collines,nord,2011,0.28,-0.97,45.8,797.9,1006.2
Collines,nord,2012,0.16,1.4,44.4,1066.9,948.0
Collines,nord,2013,0.06,0.54,45.4,761.7,1076.6
Collines,nord,2014,-0.33,1.15,42.6,1402.5,952.9
Collines,nord,2015,-0.36,0.89,42.6,771.8,1146.4
Collines,nord,2016,0.14,2.22,35.1,750.0,973.0
Collines,nord,2017,-0.09,-0.13,45.4,1518.9,1083.1
Collines,nord,2018,1.11,1.46,31.5,1038.0,1056.6
Collines,nord,2019,-0.4,1.64,58.4,1307.5,957.3
Collines,nord,2020,0.81,-1.1,39.3,955.0,1129.4
Collines,nord,2021,0.12,-1.56,47.6,389.1,1351.2
Collines,nord,2022,0.19,0.69,60.6,1989.4,1117.7
Collines,nord,2023,0.28,0.08,49.3,1114.6,1019.1
Collines,nord,2024,-0.71,1.58,42.5,593.9,1071.7
Couffo,sud,1981,-0.55,-0.32,54.7,3074.2,1450.0
Couffo,sud,1982,0.2,-0.53,47.9,1672.8,1560.5
Couffo,sud,1983,-0.39,-1.33,30.3,799.2,1423.2
Couffo,sud,1984,-1.08,0.84,45.3,1321.4,1246.2
Couffo,sud,1985,0.04,-0.1,52.4,1476.4,1423.9
Couffo,sud,1986,0.16,-0.51,43.1,1135.7,1281.6
Couffo,sud,1987,0.01,-0.01,53.7,1308.4,1530.2
Couffo,sud,1988,0.41,-0.65,49.2,1358.1,1160.4
Couffo,sud,1989,-0.3,-0.19,45.5,1283.4,1455.0
Couffo,sud,1990,0.24,-2.89,47.3,928.7,1740.5
Couffo,sud,1991,0.77,1.22,43.3,1406.5,1561.6
Couffo,sud,1992,-0.17,-0.56,41.7,967.2,1354.6
Couffo,sud,1993,-0.19,0.17,46.3,1580.1,1373.3
Couffo,sud,1994,0.6,0.5,63.3,1209.5,1396.6
Couffo,sud,1995,-0.68,-0.22,35.6,1646.4,1056.4
Couffo,sud,1996,0.38,-0.03,43.6,1313.8,1380.8
Couffo,sud,1997,-0.27,0.39,33.2,1313.7,1280.4
Couffo,sud,1998,0.29,-1.96,61.5,1300.1,1533.5
Couffo,sud,1999,-0.09,1.71,34.0,2319.3,995.6
Couffo,sud,2000,-0.1,1.14,36.0,1108.9,1044.7
Couffo,sud,2001,1.08,-0.61,50.9,2185.1,1669.7
Couffo,sud,2002,0.78,-1.19,45.5,2528.0,1611.4
Couffo,sud,2003,-0.18,0.18,34.2,2107.3,1169.8
Couffo,sud,2004,-0.33,-0.45,41.5,966.7,1413.2
Couffo,sud,2005,0.5,-0.76,33.6,1151.0,1643.1
Couffo,sud,2006,-0.13,0.64,54.8,1343.8,1319.2
Couffo,sud,2007,-0.32,0.93,45.5,2365.9,1324.4
Couffo,sud,2008,0.25,-0.85,47.9,1208.8,1605.0
Couffo,sud,2009,-0.52,-1.97,61.4,1203.1,1450.4
Couffo,sud,2010,-0.14,-1.34,52.3,1475.5,1596.0
Couffo,sud,2011,-0.08,0.28,43.0,1614.1,1563.2
Couffo,sud,2012,0.37,-1.04,49.0,1339.1,1610.9
Couffo,sud,2013,0.2,-0.65,40.8,2136.2,1528.5
Couffo,sud,2014,0.01,2.3,53.6,1366.3,1029.0
Couffo,sud,2015,0.38,0.38,55.3,1246.8,1578.1
Couffo,sud,2016,-0.61,0.83,37.6,1101.0,1369.7
Couffo,sud,2017,0.83,0.39,35.4,2104.5,1447.9
Couffo,sud,2018,-0.3,-1.45,36.1,916.9,1356.8
Couffo,sud,2019,0.86,-0.4,46.8,680.5,1685.4
Couffo,sud,2020,-0.88,1.17,40.4,910.2,1203.2
Couffo,sud,2021,-0.28,0.18,57.3,2829.6,1714.7
Couffo,sud,2022,0.6,-0.62,51.6,2193.4,1572.0
Couffo,sud,2023,-0.09,-0.45,50.6,1371.9,1603.3
Couffo,sud,2024,0.74,-0.43,37.9,1248.5,1347.9
Donga,nord,1981,0.76,0.63,36.8,1637.7,1283.7
Donga,nord,1982,0.29,1.15,42.6,394.7,1157.6
Donga,nord,1983,-0.24,-1.12,46.1,1164.8,903.8
Donga,nord,1984,-0.07,1.03,43.4,1202.0,956.6
Donga,nord,1985,-0.58,-2.87,44.8,1910.3,1452.8
Donga,nord,1986,-0.23,0.35,36.2,793.5,1037.5
Donga,nord,1987,-0.05,-0.2,38.0,926.0,950.0
Donga,nord,1988,0.18,-0.3,57.5,1014.0,1113.6
Donga,nord,1989,-1.21,0.88,50.9,1049.0,919.8
Donga,nord,1990,0.26,-0.11,40.2,674.7,1193.6
Donga,nord,1991,0.4,-1.25,47.3,1233.2,1021.9
Donga,nord,1992,-0.02,-0.81,42.5,805.0,1061.4
Donga,nord,1993,0.1,1.15,36.9,1215.0,979.4
Donga,nord,1994,0.35,0.38,59.5,704.4,1152.1
Donga,nord,1995,0.22,0.9,26.1,1309.0,831.1
Donga,nord,1996,1.03,1.4,45.5,995.0,992.9
Donga,nord,1997,-0.32,-0.8,41.1,1073.5,961.9
Donga,nord,1998,0.81,-0.36,49.1,1006.4,1243.2
Donga,nord,1999,0.44,-0.08,43.6,1153.4,1527.4
Donga,nord,2000,-0.38,1.31,40.5,1108.4,743.4
Donga,nord,2001,0.94,1.08,41.4,1049.4,1224.4
Donga,nord,2002,0.43,0.98,50.3,847.5,1182.7
Donga,nord,2003,-0.17,-0.4,37.4,2183.6,1101.1
Donga,nord,2004,-0.53,0.19,46.9,1022.5,1094.1
Donga,nord,2005,-0.53,0.43,43.5,1618.1,1114.1
Donga,nord,2006,1.29,-0.81,49.8,1156.0,1319.4
Donga,nord,2007,-0.5,1.14,55.5,354.2,1002.6
Donga,nord,2008,-0.3,-0.5,52.9,700.8,1199.6
Donga,nord,2009,-0.12,-0.37,41.9,1880.5,961.2
Donga,nord,2010,-0.16,-1.52,55.0,1640.2,1206.5
Donga,nord,2011,-0.45,0.32,35.6,833.6,1106.3
Donga,nord,2012,0.1,-0.4,49.2,1390.8,1071.2
Donga,nord,2013,0.06,1.94,37.0,1256.4,848.6
Donga,nord,2014,0.09,0.72,50.3,1420.8,918.4
Donga,nord,2015,0.34,1.9,43.9,1571.7,867.2
Donga,nord,2016,-0.06,0.25,44.5,667.1,1032.9
Donga,nord,2017,0.17,0.19,50.7,1256.0,1056.5
Donga,nord,2018,-0.13,0.89,40.8,863.2,1066.1
Donga,nord,2019,0.18,1.84,43.2,1011.7,927.2
Donga,nord,2020,-0.15,-1.61,51.2,692.8,1352.8
Donga,nord,2021,0.48,1.71,44.2,1050.3,982.2
Donga,nord,2022,0.58,0.35,54.3,1320.5,1193.7
Donga,nord,2023,0.09,1.0,23.4,764.6,983.8
Donga,nord,2024,-0.92,0.89,46.8,613.5,1189.5
Littoral,sud,1981,0.82,0.74,45.6,1275.2,1286.4
Littoral,sud,1982,-0.42,0.42,46.1,1812.4,1630.7
Littoral,sud,1983,-0.31,0.19,39.1,1082.9,1217.5
Littoral,sud,1984,-0.02,-0.22,28.5,799.4,1455.0
Littoral,sud,1985,0.04,-1.46,42.5,1615.2,1494.7
Littoral,sud,1986,0.67,0.38,43.6,1304.1,1414.0
Littoral,sud,1987,-0.16,-0.8,53.6,1380.9,1621.8
Littoral,sud,1988,-0.35,-1.51,30.6,1581.7,1241.5
Littoral,sud,1989,0.25,0.92,40.7,1081.4,1435.0
Littoral,sud,1990,-0.13,-0.89,27.8,1294.7,1325.9
Littoral,sud,1991,-0.49,0.51,43.7,2222.9,1557.2
Littoral,sud,1992,-0.05,0.02,50.7,2063.0,1570.5
Littoral,sud,1993,0.14,0.06,39.0,1066.2,1217.9
Littoral,sud,1994,-0.27,0.09,46.3,2311.3,1317.3
Littoral,sud,1995,-0.43,0.47,51.8,1017.7,1722.4
Littoral,sud,1996,0.5,-0.67,56.1,1595.5,1670.4
Littoral,sud,1997,0.13,-1.82,39.5,2234.3,1334.4
Littoral,sud,1998,0.52,1.13,36.3,855.3,1335.6
Littoral,sud,1999,-0.11,-0.96,41.6,1322.8,1553.8
Littoral,sud,2000,-0.28,-0.21,31.5,2071.9,1273.1
Littoral,sud,2001,0.81,1.89,41.3,838.0,1383.2
Littoral,sud,2002,0.27,0.01,41.5,1364.7,1488.9
Littoral,sud,2003,-0.19,-1.8,42.2,1557.4,1599.4
Littoral,sud,2004,0.59,0.37,44.1,672.4,1597.4
Littoral,sud,2005,-0.56,0.18,35.6,1571.0,1562.1
Littoral,sud,2006,-0.9,-0.54,38.7,1318.9,1305.5
Littoral,sud,2007,-0.24,0.06,49.0,584.6,1639.0
Littoral,sud,2008,1.04,-0.92,24.8,2178.1,1496.5
Littoral,sud,2009,0.98,-0.45,34.8,1105.0,1571.5
Littoral,sud,2010,0.13,0.47,53.7,1608.0,1551.7
Littoral,sud,2011,-0.2,-0.67,52.0,827.1,1569.3
Littoral,sud,2012,0.56,-0.05,30.8,943.1,1645.2
Littoral,sud,2013,-0.33,0.24,25.6,1262.1,1653.5
Littoral,sud,2014,-0.03,0.29,49.2,1773.7,1598.6
Littoral,sud,2015,0.04,1.17,43.4,2101.8,1369.8
Littoral,sud,2016,0.33,0.19,44.9,2196.5,1461.2
Littoral,sud,2017,0.47,-0.41,39.0,1123.3,1724.7
Littoral,sud,2018,0.48,0.51,50.8,1068.2,1633.2
Littoral,sud,2019,0.22,0.7,54.5,1701.5,1620.7
Littoral,sud,2020,-0.01,-0.88,43.7,1051.6,1450.6
Littoral,sud,2021,-0.07,0.11,43.9,1810.6,1478.2
Littoral,sud,2022,0.0,-0.82,50.3,659.2,1766.5
Littoral,sud,2023,-0.38,0.87,40.0,1875.9,1322.5
Littoral,sud,2024,-0.13,-2.0,50.1,1452.6,1493.6
Mono,sud,1981,0.14,-0.85,47.7,1989.8,1530.8
Mono,sud,1982,0.9,1.24,46.7,1849.2,1352.1
Mono,sud,1983,-0.49,0.24,56.0,1378.2,1257.4
Mono,sud,1984,-0.01,-1.77,39.4,1067.0,1464.0
Mono,sud,1985,0.08,-0.63,45.1,839.3,1622.9
Mono,sud,1986,0.41,-0.87,39.7,716.8,1457.6
Mono,sud,1987,-0.41,1.03,39.7,1947.0,1234.8
Mono,sud,1988,0.2,-0.1,47.1,382.9,1382.3
Mono,sud,1989,-0.07,0.52,38.5,1380.0,1348.4
Mono,sud,1990,0.04,0.2,40.1,1718.8,1330.6
Mono,sud,1991,0.6,0.41,44.0,1350.6,1041.2
Mono,sud,1992,-0.28,-1.22,40.9,1101.6,1438.9
Mono,sud,1993,0.73,-0.4,48.9,2909.8,1510.7
Mono,sud,1994,0.34,-1.07,32.6,1564.5,1572.8
Mono,sud,1995,-0.45,1.08,34.1,956.3,1395.1
Mono,sud,1996,-0.16,0.6,40.6,1364.3,1300.0
Mono,sud,1997,-0.5,-1.53,35.9,336.1,1389.8
Mono,sud,1998,1.21,0.78,44.8,1353.8,1444.2
Mono,sud,1999,0.27,1.05,39.2,2415.6,1335.7
Mono,sud,2000,0.34,0.59,42.2,1399.3,1308.1
Mono,sud,2001,0.77,0.99,34.2,1759.8,1430.5
Mono,sud,2002,-0.8,-0.83,44.2,1244.5,1164.3
Mono,sud,2003,0.83,0.54,45.4,1007.2,1438.8
Mono,sud,2004,-0.19,-0.32,55.3,807.3,1580.8
Mono,sud,2005,0.12,-1.3,57.6,1878.2,1453.7
Mono,sud,2006,-0.12,0.47,52.9,1168.9,1410.7
Mono,sud,2007,0.08,-1.09,43.8,1698.1,1518.1
Mono,sud,2008,1.01,0.01,43.5,1242.0,1469.0
Mono,sud,2009,0.69,-0.56,44.3,759.8,1512.9
Mono,sud,2010,-0.21,0.59,32.2,2835.4,1317.7
Mono,sud,2011,-0.68,0.16,45.3,1039.6,1403.7
Mono,sud,2012,0.21,0.02,39.9,2636.1,1473.1
Mono,sud,2013,-0.1,1.39,54.4,771.1,1383.1
Mono,sud,2014,-0.16,-0.0,35.0,1902.1,1411.5
Mono,sud,2015,-0.23,-0.15,38.0,1085.2,1355.4
Mono,sud,2016,-0.18,-0.65,51.0,1007.5,1470.6
Mono,sud,2017,0.66,0.25,46.2,1700.2,1496.4
Mono,sud,2018,-0.34,0.79,29.2,767.9,1318.6
Mono,sud,2019,0.37,-1.53,45.3,1237.2,1631.1
Mono,sud,2020,0.05,0.58,60.8,2474.1,1255.8
Mono,sud,2021,0.05,0.78,42.7,1125.4,1530.4
Mono,sud,2022,-0.73,-0.01,35.0,1905.4,1317.1
Mono,sud,2023,-0.21,0.01,50.7,1143.9,1613.8
Mono,sud,2024,0.62,-1.07,50.4,567.9,1820.6
Oueme,sud,1981,0.16,0.69,24.5,878.9,1197.4
Oueme,sud,1982,0.34,-1.15,50.3,609.6,1743.9
Oueme,sud,1983,-0.34,0.86,49.6,831.4,1333.9
Oueme,sud,1984,-0.3,1.42,58.9,1448.5,1548.8
Oueme,sud,1985,-0.4,0.48,40.4,1460.5,1434.9
Oueme,sud,1986,0.33,-1.5,53.4,1184.2,1556.4
Oueme,sud,1987,0.13,-2.31,46.3,2067.6,1894.1
Oueme,sud,1988,0.12,0.5,50.3,1950.5,1549.1
Oueme,sud,1989,-0.31,-1.3,35.2,2023.7,1633.3
Oueme,sud,1990,-0.0,0.67,36.3,1847.3,1306.8
Oueme,sud,1991,0.42,-0.06,48.6,888.4,1682.3
Oueme,sud,1992,0.25,0.05,45.1,1849.6,1408.2
Oueme,sud,1993,0.21,0.24,56.1,1239.8,1412.4
Oueme,sud,1994,-0.24,-0.86,50.5,2117.1,1508.9
Oueme,sud,1995,0.31,1.11,60.5,1054.8,1535.3
Oueme,sud,1996,-0.51,-1.35,32.8,1059.9,1597.9
Oueme,sud,1997,0.77,-0.7,52.5,1046.2,1999.8
Oueme,sud,1998,-0.08,-0.55,46.3,2161.9,1604.0
Oueme,sud,1999,0.72,1.52,41.0,1110.1,1354.6
Oueme,sud,2000,0.17,-0.05,45.3,1266.8,1394.7
Oueme,sud,2001,-0.46,-0.64,58.6,631.6,1409.3
Oueme,sud,2002,-0.04,-1.45,37.6,1523.0,1392.3
Oueme,sud,2003,0.03,-0.08,46.5,972.8,1531.7
Oueme,sud,2004,-0.65,0.83,51.5,1935.8,1221.6
Oueme,sud,2005,0.77,0.66,32.7,1566.7,1386.7
Oueme,sud,2006,0.52,1.17,43.2,677.7,1414.6
Oueme,sud,2007,0.26,-0.11,49.0,1659.5,1492.1
Oueme,sud,2008,-0.01,-0.17,46.8,1322.0,1453.0
Oueme,sud,2009,0.41,1.68,41.1,1347.5,1350.0
Oueme,sud,2010,-0.65,0.69,41.0,1577.8,1352.4
Oueme,sud,2011,-0.12,-0.7,38.0,1228.5,1720.7
Oueme,sud,2012,-0.29,0.24,49.0,1442.9,1520.6
Oueme,sud,2013,0.37,1.42,50.5,2663.2,1454.1
Oueme,sud,2014,0.34,-0.21,53.6,985.2,1977.5
Oueme,sud,2015,-0.69,1.11,50.1,1001.7,1619.7
Oueme,sud,2016,-0.3,1.72,60.9,1099.3,1293.3
Oueme,sud,2017,0.43,-0.69,45.0,1388.1,1718.5
Oueme,sud,2018,-0.25,1.44,34.9,1240.3,1358.8
Oueme,sud,2019,-0.14,0.54,36.7,1496.9,1375.0
Oueme,sud,2020,-0.17,-0.61,36.3,3943.0,1331.2
Oueme,sud,2021,0.62,1.05,41.3,2075.2,1335.2
Oueme,sud,2022,-0.06,0.33,45.7,1267.1,1133.6
Oueme,sud,2023,-0.43,-1.4,45.1,1956.4,1614.1
Oueme,sud,2024,0.21,0.61,61.5,1694.7,1395.5
Plateau,sud,1981,-0.46,-1.04,51.0,2638.3,1543.8
Plateau,sud,1982,-0.35,-1.26,43.3,3293.6,1457.3
Plateau,sud,1983,0.22,-0.15,40.3,1005.6,1349.4
Plateau,sud,1984,0.51,2.09,32.3,2752.4,1012.0
Plateau,sud,1985,0.19,0.0,34.6,1235.3,1533.0
Plateau,sud,1986,-0.51,0.09,37.6,916.2,1365.7
Plateau,sud,1987,-0.2,-0.47,34.7,1473.7,1373.7
Plateau,sud,1988,-0.15,-0.05,66.0,2396.3,1417.1
Plateau,sud,1989,0.5,1.24,46.1,1573.5,1451.5
Plateau,sud,1990,0.55,-0.63,34.4,958.8,1458.4
Plateau,sud,1991,-0.03,-0.28,52.5,1395.1,1598.6
Plateau,sud,1992,-0.3,0.21,54.6,548.7,1394.4
Plateau,sud,1993,0.31,-1.25,33.2,1044.0,1476.6
Plateau,sud,1994,0.45,1.27,50.2,1256.8,1266.9
Plateau,sud,1995,-0.0,0.27,57.1,1622.1,1716.5
Plateau,sud,1996,0.04,1.41,48.3,2345.8,1241.0
Plateau,sud,1997,0.35,0.15,44.1,1498.7,1520.6
Plateau,sud,1998,0.85,1.07,46.5,857.2,1592.8
Plateau,sud,1999,0.2,-0.99,52.5,867.5,1520.1
Plateau,sud,2000,-0.19,-1.41,45.1,910.8,1685.0
Plateau,sud,2001,0.76,1.11,49.8,829.7,1601.6
Plateau,sud,2002,0.09,0.55,35.6,1742.6,1228.9
Plateau,sud,2003,-0.47,-1.53,49.9,1702.3,1717.7
Plateau,sud,2004,-0.35,0.58,47.1,867.3,1303.0
Plateau,sud,2005,-0.98,-0.33,48.9,1408.3,1317.4
Plateau,sud,2006,0.34,-0.3,42.4,1571.4,1602.1
Plateau,sud,2007,0.16,-0.71,46.0,953.8,1710.8
Plateau,sud,2008,-0.51,-0.24,44.7,1570.6,1390.9
Plateau,sud,2009,0.72,-1.2,50.5,1764.6,1906.7
Plateau,sud,2010,0.19,1.09,61.1,1517.9,1633.8
Plateau,sud,2011,0.52,1.77,41.1,1075.2,1150.7
Plateau,sud,2012,0.18,-2.1,50.0,1056.2,1843.3
Plateau,sud,2013,0.06,1.19,54.4,1279.2,1492.9
Plateau,sud,2014,0.98,0.0,53.1,985.2,1837.4
Plateau,sud,2015,-0.24,-1.21,48.0,2705.9,1488.1
Plateau,sud,2016,-0.17,0.34,57.4,1622.2,1611.0
Plateau,sud,2017,0.23,-0.98,69.5,1197.4,1568.3
Plateau,sud,2018,0.19,-0.2,59.0,1118.6,1837.4
Plateau,sud,2019,-0.08,-0.81,43.8,1525.3,1637.2
Plateau,sud,2020,-0.57,0.62,50.0,1951.8,1260.2
Plateau,sud,2021,-0.32,0.29,45.6,1301.5,1553.4
Plateau,sud,2022,-0.26,-0.2,43.4,1270.2,1322.2
Plateau,sud,2023,-0.77,-1.7,41.3,2068.1,1384.3
Plateau,sud,2024,-0.24,-0.35,38.8,1123.4,1231.0
Zou,sud,1981,0.09,-0.38,47.7,1106.0,1564.7
Zou,sud,1982,-0.02,-0.85,49.6,1116.2,1222.8
Zou,sud,1983,0.15,-1.17,45.1,1779.7,1286.7
Zou,sud,1984,-0.04,-0.83,52.3,1240.4,1416.7
Zou,sud,1985,-0.32,0.54,58.1,1713.3,1539.8
Zou,sud,1986,0.2,-1.93,42.8,1276.7,1674.3
Zou,sud,1987,-0.7,-3.32,33.2,1956.7,1409.4
Zou,sud,1988,-0.85,-0.92,57.5,1174.6,1403.5
Zou,sud,1989,-0.15,0.26,35.0,3395.0,1230.9
Zou,sud,1990,0.15,-1.52,56.8,1425.7,1429.1
Zou,sud,1991,-0.55,-0.91,39.3,1081.6,1410.0
Zou,sud,1992,-0.55,0.22,54.7,948.5,1296.4
Zou,sud,1993,-0.12,0.4,48.7,837.9,1428.5
Zou,sud,1994,0.2,-0.31,38.3,1618.6,1260.8
Zou,sud,1995,0.61,-0.14,35.5,1165.2,1293.8
Zou,sud,1996,-0.47,-0.67,47.3,421.8,1372.1
Zou,sud,1997,-1.06,-0.04,35.3,1035.9,1433.4
Zou,sud,1998,0.69,-0.6,36.1,1428.4,1782.0
Zou,sud,1999,0.25,3.93,28.3,1152.2,1153.1
Zou,sud,2000,0.14,-1.55,42.6,872.8,1544.3
Zou,sud,2001,-0.21,-1.13,41.4,1031.7,1598.0
Zou,sud,2002,0.18,0.75,36.1,1366.7,1369.4
Zou,sud,2003,0.05,1.3,39.2,1199.6,1331.4
Zou,sud,2004,-0.03,0.51,46.6,655.5,1436.6
Zou,sud,2005,0.43,-0.46,37.9,1844.2,1547.0
Zou,sud,2006,0.74,-1.09,34.8,912.8,1461.4
Zou,sud,2007,0.5,-0.47,50.1,1488.9,1484.8
Zou,sud,2008,-0.57,-0.06,48.9,1308.8,1129.4
Zou,sud,2009,0.6,0.78,48.7,849.8,1613.9
Zou,sud,2010,0.87,-0.27,49.8,1877.5,1370.1
Zou,sud,2011,-0.26,-1.06,54.8,1506.0,1468.6
Zou,sud,2012,-0.29,-0.06,30.2,600.8,1349.1
Zou,sud,2013,0.46,0.11,55.1,1624.1,1369.5
Zou,sud,2014,0.1,1.91,51.5,1832.7,1244.6
Zou,sud,2015,-0.06,0.09,36.0,2322.3,1611.4
Zou,sud,2016,0.3,0.42,61.6,1648.8,1237.4
Zou,sud,2017,-0.95,-0.86,41.7,1632.4,1561.8
Zou,sud,2018,-0.67,-1.87,53.2,1555.3,1575.8
Zou,sud,2019,-0.64,-1.4,40.3,635.9,1526.3
Zou,sud,2020,-1.42,-0.56,34.6,1572.8,1255.4
Zou,sud,2021,-0.93,-0.39,46.5,1043.7,1374.4
Zou,sud,2022,0.02,-1.15,42.5,1332.7,1481.5
Zou,sud,2023,-0.17,0.17,37.3,1666.8,1269.1
Zou,sud,2024,0.08,-0.22,40.0,2035.3,1078.1
